<?xml version="1.0" encoding="UTF-8"?>
<project-private xmlns="http://www.netbeans.org/ns/project-private/1">
    <editor-bookmarks xmlns="http://www.netbeans.org/ns/editor-bookmarks/2" lastBookmarkId="0"/>
    <open-files xmlns="http://www.netbeans.org/ns/projectui-open-files/2">
        <group>
            <file>file:/E:/muke/hyii2/frontend/widgets/post/PostWidget.php</file>
            <file>file:/E:/muke/hyii2/common/models/FeedModel.php</file>
            <file>file:/E:/muke/hyii2/frontend/widgets/banner/BannerWidget.php</file>
            <file>file:/E:/muke/hyii2/frontend/models/PostForm.php</file>
            <file>file:/E:/muke/hyii2/backend/views/feed/index.php</file>
            <file>file:/E:/muke/hyii2/frontend/controllers/PostController.php</file>
            <file>file:/E:/muke/hyii2/frontend/widgets/banner/views/index.php</file>
            <file>file:/E:/muke/hyii2/frontend/models/ContactForm.php</file>
            <file>file:/E:/muke/hyii2/frontend/models/TagForm.php</file>
            <file>file:/E:/muke/hyii2/frontend/widgets/post/views/index.php</file>
            <file>file:/E:/muke/hyii2/common/config/params.php</file>
            <file>file:/E:/muke/hyii2/backend/views/cat/index.php</file>
            <file>file:/E:/muke/hyii2/frontend/models/LoginForm.php</file>
            <file>file:/E:/muke/hyii2/backend/views/layouts/main.php</file>
            <file>file:/E:/muke/hyii2/frontend/web/statics/css/site.css</file>
            <file>file:/E:/muke/hyii2/frontend/views/post/create.php</file>
            <file>file:/E:/muke/hyii2/backend/widgets/sidebar/SidebarWidget.php</file>
        </group>
    </open-files>
</project-private>
